,task,model,pattern,tot_score,%_score
0,comparative1,mgpt_alt_1beam,P1|NEG,1028,0.3426666666666667
1,comparative1,mgpt_alt_1beam,P1|NEG|N1,897,0.299
2,comparative1,mgpt_alt_1beam,P1|NEG|N1|N2,896,0.2986666666666667
3,comparative1,mgpt_alt_1beam,P1|NEG|N2,911,0.30366666666666664
4,comparative1,mgpt_alt_1beam,P1|P2|NEG,15,0.005
5,comparative1,mgpt_alt_1beam,P1|P2|NEG|N1,0,0.0
6,comparative1,mgpt_alt_1beam,P1|P2|NEG|N1|N2,0,0.0
7,comparative1,mgpt_alt_1beam,P1|P2|NEG|N2,15,0.005
8,comparative1,mgpt_one_1beam,P1|NEG,1941,0.647
9,comparative1,mgpt_one_1beam,P1|NEG|N1,1893,0.631
10,comparative1,mgpt_one_1beam,P1|NEG|N1|N2,1883,0.6276666666666667
11,comparative1,mgpt_one_1beam,P1|NEG|N2,1889,0.6296666666666667
12,comparative1,mgpt_one_1beam,P1|P2|NEG,5,0.0016666666666666668
13,comparative1,mgpt_one_1beam,P1|P2|NEG|N1,0,0.0
14,comparative1,mgpt_one_1beam,P1|P2|NEG|N1|N2,0,0.0
15,comparative1,mgpt_one_1beam,P1|P2|NEG|N2,5,0.0016666666666666668
16,comparative1,mgpt_zero_1beam,P1|NEG,2241,0.747
17,comparative1,mgpt_zero_1beam,P1|NEG|N1,1292,0.43066666666666664
18,comparative1,mgpt_zero_1beam,P1|NEG|N1|N2,911,0.30366666666666664
19,comparative1,mgpt_zero_1beam,P1|NEG|N2,1012,0.3373333333333333
20,comparative1,mgpt_zero_1beam,P1|P2|NEG,233,0.07766666666666666
21,comparative1,mgpt_zero_1beam,P1|P2|NEG|N1,142,0.04733333333333333
22,comparative1,mgpt_zero_1beam,P1|P2|NEG|N1|N2,138,0.046
23,comparative1,mgpt_zero_1beam,P1|P2|NEG|N2,222,0.074
24,comparative1,xglm1.7B_zero_1beam,P1|NEG,1723,0.5743333333333334
25,comparative1,xglm1.7B_zero_1beam,P1|NEG|N1,1259,0.4196666666666667
26,comparative1,xglm1.7B_zero_1beam,P1|NEG|N1|N2,1062,0.354
27,comparative1,xglm1.7B_zero_1beam,P1|NEG|N2,1084,0.36133333333333334
28,comparative1,xglm1.7B_zero_1beam,P1|P2|NEG,126,0.042
29,comparative1,xglm1.7B_zero_1beam,P1|P2|NEG|N1,111,0.037
30,comparative1,xglm1.7B_zero_1beam,P1|P2|NEG|N1|N2,110,0.03666666666666667
31,comparative1,xglm1.7B_zero_1beam,P1|P2|NEG|N2,124,0.04133333333333333
32,comparative1,xglm_alt_one_1beam,P1|NEG,877,0.29233333333333333
33,comparative1,xglm_alt_one_1beam,P1|NEG|N1,870,0.29
34,comparative1,xglm_alt_one_1beam,P1|NEG|N1|N2,858,0.286
35,comparative1,xglm_alt_one_1beam,P1|NEG|N2,862,0.28733333333333333
36,comparative1,xglm_alt_one_1beam,P1|P2|NEG,5,0.0016666666666666668
37,comparative1,xglm_alt_one_1beam,P1|P2|NEG|N1,1,0.0003333333333333333
38,comparative1,xglm_alt_one_1beam,P1|P2|NEG|N1|N2,1,0.0003333333333333333
39,comparative1,xglm_alt_one_1beam,P1|P2|NEG|N2,5,0.0016666666666666668
40,comparative1,xglm_alt_one_2beam,P1|NEG,789,0.263
41,comparative1,xglm_alt_one_2beam,P1|NEG|N1,787,0.2623333333333333
42,comparative1,xglm_alt_one_2beam,P1|NEG|N1|N2,787,0.2623333333333333
43,comparative1,xglm_alt_one_2beam,P1|NEG|N2,788,0.26266666666666666
44,comparative1,xglm_alt_one_2beam,P1|P2|NEG,1,0.0003333333333333333
45,comparative1,xglm_alt_one_2beam,P1|P2|NEG|N1,0,0.0
46,comparative1,xglm_alt_one_2beam,P1|P2|NEG|N1|N2,0,0.0
47,comparative1,xglm_alt_one_2beam,P1|P2|NEG|N2,1,0.0003333333333333333
48,comparative1,xglm_one_1beam,P1|NEG,1358,0.45266666666666666
49,comparative1,xglm_one_1beam,P1|NEG|N1,1353,0.451
50,comparative1,xglm_one_1beam,P1|NEG|N1|N2,1350,0.45
51,comparative1,xglm_one_1beam,P1|NEG|N2,1353,0.451
52,comparative1,xglm_one_1beam,P1|P2|NEG,4,0.0013333333333333333
53,comparative1,xglm_one_1beam,P1|P2|NEG|N1,1,0.0003333333333333333
54,comparative1,xglm_one_1beam,P1|P2|NEG|N1|N2,1,0.0003333333333333333
55,comparative1,xglm_one_1beam,P1|P2|NEG|N2,4,0.0013333333333333333
56,comparative1,xglm_one_2beam,P1|NEG,1143,0.381
57,comparative1,xglm_one_2beam,P1|NEG|N1,1131,0.377
58,comparative1,xglm_one_2beam,P1|NEG|N1|N2,1131,0.377
59,comparative1,xglm_one_2beam,P1|NEG|N2,1138,0.37933333333333336
60,comparative1,xglm_one_2beam,P1|P2|NEG,7,0.0023333333333333335
61,comparative1,xglm_one_2beam,P1|P2|NEG|N1,0,0.0
62,comparative1,xglm_one_2beam,P1|P2|NEG|N1|N2,0,0.0
63,comparative1,xglm_one_2beam,P1|P2|NEG|N2,7,0.0023333333333333335
64,comparative1,xglm_zero_1beam,P1|NEG,2430,0.81
65,comparative1,xglm_zero_1beam,P1|NEG|N1,1115,0.37166666666666665
66,comparative1,xglm_zero_1beam,P1|NEG|N1|N2,832,0.2773333333333333
67,comparative1,xglm_zero_1beam,P1|NEG|N2,1088,0.3626666666666667
68,comparative1,xglm_zero_1beam,P1|P2|NEG,362,0.12066666666666667
69,comparative1,xglm_zero_1beam,P1|P2|NEG|N1,106,0.035333333333333335
70,comparative1,xglm_zero_1beam,P1|P2|NEG|N1|N2,87,0.029
71,comparative1,xglm_zero_1beam,P1|P2|NEG|N2,337,0.11233333333333333
72,comparative1,xglm_zero_2beam,P1|NEG,2485,0.8283333333333334
73,comparative1,xglm_zero_2beam,P1|NEG|N1,761,0.25366666666666665
74,comparative1,xglm_zero_2beam,P1|NEG|N1|N2,566,0.18866666666666668
75,comparative1,xglm_zero_2beam,P1|NEG|N2,891,0.297
76,comparative1,xglm_zero_2beam,P1|P2|NEG,362,0.12066666666666667
77,comparative1,xglm_zero_2beam,P1|P2|NEG|N1,39,0.013
78,comparative1,xglm_zero_2beam,P1|P2|NEG|N1|N2,33,0.011
79,comparative1,xglm_zero_2beam,P1|P2|NEG|N2,353,0.11766666666666667
80,comparative2,mgpt_alt_1beam,P1|NEG,426,0.142
81,comparative2,mgpt_alt_1beam,P1|NEG|N1,362,0.12066666666666667
82,comparative2,mgpt_alt_1beam,P1|P2|NEG,8,0.0026666666666666666
83,comparative2,mgpt_alt_1beam,P1|P2|NEG|N1,8,0.0026666666666666666
84,comparative2,mgpt_one_1beam,P1|NEG,274,0.09133333333333334
85,comparative2,mgpt_one_1beam,P1|NEG|N1,236,0.07866666666666666
86,comparative2,mgpt_one_1beam,P1|P2|NEG,0,0.0
87,comparative2,mgpt_one_1beam,P1|P2|NEG|N1,0,0.0
88,comparative2,mgpt_zero_1beam,P1|NEG,500,0.16666666666666666
89,comparative2,mgpt_zero_1beam,P1|NEG|N1,476,0.15866666666666668
90,comparative2,mgpt_zero_1beam,P1|P2|NEG,73,0.024333333333333332
91,comparative2,mgpt_zero_1beam,P1|P2|NEG|N1,69,0.023
92,comparative2,xglm1.7B_zero_1beam,P1|NEG,1146,0.382
93,comparative2,xglm1.7B_zero_1beam,P1|NEG|N1,1123,0.37433333333333335
94,comparative2,xglm1.7B_zero_1beam,P1|P2|NEG,408,0.136
95,comparative2,xglm1.7B_zero_1beam,P1|P2|NEG|N1,390,0.13
96,comparative2,xglm_alt_one_1beam,P1|NEG,158,0.05266666666666667
97,comparative2,xglm_alt_one_1beam,P1|NEG|N1,158,0.05266666666666667
98,comparative2,xglm_alt_one_1beam,P1|P2|NEG,0,0.0
99,comparative2,xglm_alt_one_1beam,P1|P2|NEG|N1,0,0.0
100,comparative2,xglm_alt_one_2beam,P1|NEG,171,0.057
101,comparative2,xglm_alt_one_2beam,P1|NEG|N1,171,0.057
102,comparative2,xglm_alt_one_2beam,P1|P2|NEG,0,0.0
103,comparative2,xglm_alt_one_2beam,P1|P2|NEG|N1,0,0.0
104,comparative2,xglm_one_1beam,P1|NEG,295,0.09833333333333333
105,comparative2,xglm_one_1beam,P1|NEG|N1,295,0.09833333333333333
106,comparative2,xglm_one_1beam,P1|P2|NEG,0,0.0
107,comparative2,xglm_one_1beam,P1|P2|NEG|N1,0,0.0
108,comparative2,xglm_one_2beam,P1|NEG,99,0.033
109,comparative2,xglm_one_2beam,P1|NEG|N1,99,0.033
110,comparative2,xglm_one_2beam,P1|P2|NEG,0,0.0
111,comparative2,xglm_one_2beam,P1|P2|NEG|N1,0,0.0
112,comparative2,xglm_zero_1beam,P1|NEG,942,0.314
113,comparative2,xglm_zero_1beam,P1|NEG|N1,917,0.30566666666666664
114,comparative2,xglm_zero_1beam,P1|P2|NEG,405,0.135
115,comparative2,xglm_zero_1beam,P1|P2|NEG|N1,398,0.13266666666666665
116,comparative2,xglm_zero_2beam,P1|NEG,568,0.18933333333333333
117,comparative2,xglm_zero_2beam,P1|NEG|N1,543,0.181
118,comparative2,xglm_zero_2beam,P1|P2|NEG,350,0.11666666666666667
119,comparative2,xglm_zero_2beam,P1|P2|NEG|N1,345,0.115
120,counters,mgpt_alt_1beam,P1|NEG,132,0.088
121,counters,mgpt_alt_1beam,P1|NEG|N1,132,0.088
122,counters,mgpt_alt_1beam,P1|P2|NEG,0,0.0
123,counters,mgpt_alt_1beam,P1|P2|NEG|N1,0,0.0
124,counters,mgpt_one_1beam,P1|NEG,132,0.088
125,counters,mgpt_one_1beam,P1|NEG|N1,132,0.088
126,counters,mgpt_one_1beam,P1|P2|NEG,0,0.0
127,counters,mgpt_one_1beam,P1|P2|NEG|N1,0,0.0
128,counters,mgpt_zero_1beam,P1|NEG,0,0.0
129,counters,mgpt_zero_1beam,P1|NEG|N1,0,0.0
130,counters,mgpt_zero_1beam,P1|P2|NEG,0,0.0
131,counters,mgpt_zero_1beam,P1|P2|NEG|N1,0,0.0
132,counters,xglm1.7B_zero_1beam,P1|NEG,0,0.0
133,counters,xglm1.7B_zero_1beam,P1|NEG|N1,0,0.0
134,counters,xglm1.7B_zero_1beam,P1|P2|NEG,0,0.0
135,counters,xglm1.7B_zero_1beam,P1|P2|NEG|N1,0,0.0
136,counters,xglm_alt_one_1beam,P1|NEG,20,0.013333333333333334
137,counters,xglm_alt_one_1beam,P1|NEG|N1,20,0.013333333333333334
138,counters,xglm_alt_one_1beam,P1|P2|NEG,0,0.0
139,counters,xglm_alt_one_1beam,P1|P2|NEG|N1,0,0.0
140,counters,xglm_alt_one_2beam,P1|NEG,9,0.006
141,counters,xglm_alt_one_2beam,P1|NEG|N1,9,0.006
142,counters,xglm_alt_one_2beam,P1|P2|NEG,0,0.0
143,counters,xglm_alt_one_2beam,P1|P2|NEG|N1,0,0.0
144,counters,xglm_one_1beam,P1|NEG,20,0.013333333333333334
145,counters,xglm_one_1beam,P1|NEG|N1,20,0.013333333333333334
146,counters,xglm_one_1beam,P1|P2|NEG,0,0.0
147,counters,xglm_one_1beam,P1|P2|NEG|N1,0,0.0
148,counters,xglm_one_2beam,P1|NEG,9,0.006
149,counters,xglm_one_2beam,P1|NEG|N1,9,0.006
150,counters,xglm_one_2beam,P1|P2|NEG,0,0.0
151,counters,xglm_one_2beam,P1|P2|NEG|N1,0,0.0
152,counters,xglm_zero_1beam,P1|NEG,0,0.0
153,counters,xglm_zero_1beam,P1|NEG|N1,0,0.0
154,counters,xglm_zero_1beam,P1|P2|NEG,0,0.0
155,counters,xglm_zero_1beam,P1|P2|NEG|N1,0,0.0
156,counters,xglm_zero_2beam,P1|NEG,0,0.0
157,counters,xglm_zero_2beam,P1|NEG|N1,0,0.0
158,counters,xglm_zero_2beam,P1|P2|NEG,0,0.0
159,counters,xglm_zero_2beam,P1|P2|NEG|N1,0,0.0
160,negation1,mgpt_alt_1beam,P1,766,0.25533333333333336
161,negation1,mgpt_alt_1beam,P1|N1,762,0.254
162,negation1,mgpt_alt_1beam,P1|P2|NEG,0,0.0
163,negation1,mgpt_alt_1beam,P1|P2|NEG|N1,0,0.0
164,negation1,mgpt_one_1beam,P1,1189,0.3963333333333333
165,negation1,mgpt_one_1beam,P1|N1,1188,0.396
166,negation1,mgpt_one_1beam,P1|P2|NEG,0,0.0
167,negation1,mgpt_one_1beam,P1|P2|NEG|N1,0,0.0
168,negation1,mgpt_zero_1beam,P1,1825,0.6083333333333333
169,negation1,mgpt_zero_1beam,P1|N1,1336,0.44533333333333336
170,negation1,mgpt_zero_1beam,P1|P2|NEG,251,0.08366666666666667
171,negation1,mgpt_zero_1beam,P1|P2|NEG|N1,233,0.07766666666666666
172,negation1,xglm1.7B_zero_1beam,P1,1208,0.4026666666666667
173,negation1,xglm1.7B_zero_1beam,P1|N1,952,0.31733333333333336
174,negation1,xglm1.7B_zero_1beam,P1|P2|NEG,101,0.033666666666666664
175,negation1,xglm1.7B_zero_1beam,P1|P2|NEG|N1,90,0.03
176,negation1,xglm_alt_one_1beam,P1,391,0.13033333333333333
177,negation1,xglm_alt_one_1beam,P1|N1,391,0.13033333333333333
178,negation1,xglm_alt_one_1beam,P1|P2|NEG,1,0.0003333333333333333
179,negation1,xglm_alt_one_1beam,P1|P2|NEG|N1,1,0.0003333333333333333
180,negation1,xglm_alt_one_2beam,P1,577,0.19233333333333333
181,negation1,xglm_alt_one_2beam,P1|N1,576,0.192
182,negation1,xglm_alt_one_2beam,P1|P2|NEG,0,0.0
183,negation1,xglm_alt_one_2beam,P1|P2|NEG|N1,0,0.0
184,negation1,xglm_one_1beam,P1,696,0.232
185,negation1,xglm_one_1beam,P1|N1,696,0.232
186,negation1,xglm_one_1beam,P1|P2|NEG,0,0.0
187,negation1,xglm_one_1beam,P1|P2|NEG|N1,0,0.0
188,negation1,xglm_one_2beam,P1,779,0.25966666666666666
189,negation1,xglm_one_2beam,P1|N1,777,0.259
190,negation1,xglm_one_2beam,P1|P2|NEG,0,0.0
191,negation1,xglm_one_2beam,P1|P2|NEG|N1,0,0.0
192,negation1,xglm_zero_1beam,P1,1281,0.427
193,negation1,xglm_zero_1beam,P1|N1,997,0.3323333333333333
194,negation1,xglm_zero_1beam,P1|P2|NEG,445,0.14833333333333334
195,negation1,xglm_zero_1beam,P1|P2|NEG|N1,393,0.131
196,negation1,xglm_zero_2beam,P1,2044,0.6813333333333333
197,negation1,xglm_zero_2beam,P1|N1,931,0.31033333333333335
198,negation1,xglm_zero_2beam,P1|P2|NEG,740,0.24666666666666667
199,negation1,xglm_zero_2beam,P1|P2|NEG|N1,358,0.11933333333333333
200,negation2,mgpt_alt_1beam,P1,916,0.30533333333333335
201,negation2,mgpt_alt_1beam,P1|N1,913,0.30433333333333334
202,negation2,mgpt_alt_1beam,P1|P2|NEG,2,0.0006666666666666666
203,negation2,mgpt_alt_1beam,P1|P2|NEG|N1,1,0.0003333333333333333
204,negation2,mgpt_alt_1beam,P1|P3|nNEG,2,0.0006666666666666666
205,negation2,mgpt_alt_1beam,P1|P3|nNEG|N1,2,0.0006666666666666666
206,negation2,mgpt_one_1beam,P1,1293,0.431
207,negation2,mgpt_one_1beam,P1|N1,1293,0.431
208,negation2,mgpt_one_1beam,P1|P2|NEG,0,0.0
209,negation2,mgpt_one_1beam,P1|P2|NEG|N1,0,0.0
210,negation2,mgpt_one_1beam,P1|P3|nNEG,13,0.004333333333333333
211,negation2,mgpt_one_1beam,P1|P3|nNEG|N1,13,0.004333333333333333
212,negation2,mgpt_zero_1beam,P1,1343,0.44766666666666666
213,negation2,mgpt_zero_1beam,P1|N1,877,0.29233333333333333
214,negation2,mgpt_zero_1beam,P1|P2|NEG,186,0.062
215,negation2,mgpt_zero_1beam,P1|P2|NEG|N1,106,0.035333333333333335
216,negation2,mgpt_zero_1beam,P1|P3|nNEG,429,0.143
217,negation2,mgpt_zero_1beam,P1|P3|nNEG|N1,183,0.061
218,negation2,xglm1.7B_zero_1beam,P1,1627,0.5423333333333333
219,negation2,xglm1.7B_zero_1beam,P1|N1,1274,0.4246666666666667
220,negation2,xglm1.7B_zero_1beam,P1|P2|NEG,131,0.043666666666666666
221,negation2,xglm1.7B_zero_1beam,P1|P2|NEG|N1,47,0.015666666666666666
222,negation2,xglm1.7B_zero_1beam,P1|P3|nNEG,209,0.06966666666666667
223,negation2,xglm1.7B_zero_1beam,P1|P3|nNEG|N1,102,0.034
224,negation2,xglm_alt_one_1beam,P1,578,0.19266666666666668
225,negation2,xglm_alt_one_1beam,P1|N1,578,0.19266666666666668
226,negation2,xglm_alt_one_1beam,P1|P2|NEG,0,0.0
227,negation2,xglm_alt_one_1beam,P1|P2|NEG|N1,0,0.0
228,negation2,xglm_alt_one_1beam,P1|P3|nNEG,0,0.0
229,negation2,xglm_alt_one_1beam,P1|P3|nNEG|N1,0,0.0
230,negation2,xglm_alt_one_2beam,P1,727,0.24233333333333335
231,negation2,xglm_alt_one_2beam,P1|N1,722,0.24066666666666667
232,negation2,xglm_alt_one_2beam,P1|P2|NEG,3,0.001
233,negation2,xglm_alt_one_2beam,P1|P2|NEG|N1,0,0.0
234,negation2,xglm_alt_one_2beam,P1|P3|nNEG,1,0.0003333333333333333
235,negation2,xglm_alt_one_2beam,P1|P3|nNEG|N1,0,0.0
236,negation2,xglm_one_1beam,P1,916,0.30533333333333335
237,negation2,xglm_one_1beam,P1|N1,915,0.305
238,negation2,xglm_one_1beam,P1|P2|NEG,1,0.0003333333333333333
239,negation2,xglm_one_1beam,P1|P2|NEG|N1,0,0.0
240,negation2,xglm_one_1beam,P1|P3|nNEG,0,0.0
241,negation2,xglm_one_1beam,P1|P3|nNEG|N1,0,0.0
242,negation2,xglm_one_2beam,P1,1054,0.35133333333333333
243,negation2,xglm_one_2beam,P1|N1,1051,0.35033333333333333
244,negation2,xglm_one_2beam,P1|P2|NEG,2,0.0006666666666666666
245,negation2,xglm_one_2beam,P1|P2|NEG|N1,0,0.0
246,negation2,xglm_one_2beam,P1|P3|nNEG,1,0.0003333333333333333
247,negation2,xglm_one_2beam,P1|P3|nNEG|N1,0,0.0
248,negation2,xglm_zero_1beam,P1,1088,0.3626666666666667
249,negation2,xglm_zero_1beam,P1|N1,703,0.23433333333333334
250,negation2,xglm_zero_1beam,P1|P2|NEG,219,0.073
251,negation2,xglm_zero_1beam,P1|P2|NEG|N1,110,0.03666666666666667
252,negation2,xglm_zero_1beam,P1|P3|nNEG,435,0.145
253,negation2,xglm_zero_1beam,P1|P3|nNEG|N1,234,0.078
254,negation2,xglm_zero_2beam,P1,2043,0.681
255,negation2,xglm_zero_2beam,P1|N1,734,0.24466666666666667
256,negation2,xglm_zero_2beam,P1|P2|NEG,504,0.168
257,negation2,xglm_zero_2beam,P1|P2|NEG|N1,113,0.03766666666666667
258,negation2,xglm_zero_2beam,P1|P3|nNEG,1048,0.34933333333333333
259,negation2,xglm_zero_2beam,P1|P3|nNEG|N1,324,0.108
260,numerals1,mgpt_alt_1beam,P1|NEG,245,0.08166666666666667
261,numerals1,mgpt_alt_1beam,P1|NEG|N1,240,0.08
262,numerals1,mgpt_alt_1beam,P1|NEG|N1|N2,240,0.08
263,numerals1,mgpt_alt_1beam,P1|NEG|N2,245,0.08166666666666667
264,numerals1,mgpt_alt_1beam,P1|P2|NEG,0,0.0
265,numerals1,mgpt_alt_1beam,P1|P2|NEG|N1,0,0.0
266,numerals1,mgpt_alt_1beam,P1|P2|NEG|N1|N2,0,0.0
267,numerals1,mgpt_alt_1beam,P1|P2|NEG|N2,0,0.0
268,numerals1,mgpt_alt_1beam,P1|P2|P3|NEG,0,0.0
269,numerals1,mgpt_alt_1beam,P1|P2|P3|NEG|N1,0,0.0
270,numerals1,mgpt_alt_1beam,P1|P2|P3|NEG|N1|N2,0,0.0
271,numerals1,mgpt_alt_1beam,P1|P2|P3|NEG|N2,0,0.0
272,numerals1,mgpt_one_1beam,P1|NEG,245,0.08166666666666667
273,numerals1,mgpt_one_1beam,P1|NEG|N1,240,0.08
274,numerals1,mgpt_one_1beam,P1|NEG|N1|N2,240,0.08
275,numerals1,mgpt_one_1beam,P1|NEG|N2,245,0.08166666666666667
276,numerals1,mgpt_one_1beam,P1|P2|NEG,0,0.0
277,numerals1,mgpt_one_1beam,P1|P2|NEG|N1,0,0.0
278,numerals1,mgpt_one_1beam,P1|P2|NEG|N1|N2,0,0.0
279,numerals1,mgpt_one_1beam,P1|P2|NEG|N2,0,0.0
280,numerals1,mgpt_one_1beam,P1|P2|P3|NEG,0,0.0
281,numerals1,mgpt_one_1beam,P1|P2|P3|NEG|N1,0,0.0
282,numerals1,mgpt_one_1beam,P1|P2|P3|NEG|N1|N2,0,0.0
283,numerals1,mgpt_one_1beam,P1|P2|P3|NEG|N2,0,0.0
284,numerals1,mgpt_zero_1beam,P1|NEG,23,0.007666666666666666
285,numerals1,mgpt_zero_1beam,P1|NEG|N1,21,0.007
286,numerals1,mgpt_zero_1beam,P1|NEG|N1|N2,20,0.006666666666666667
287,numerals1,mgpt_zero_1beam,P1|NEG|N2,20,0.006666666666666667
288,numerals1,mgpt_zero_1beam,P1|P2|NEG,0,0.0
289,numerals1,mgpt_zero_1beam,P1|P2|NEG|N1,0,0.0
290,numerals1,mgpt_zero_1beam,P1|P2|NEG|N1|N2,0,0.0
291,numerals1,mgpt_zero_1beam,P1|P2|NEG|N2,0,0.0
292,numerals1,mgpt_zero_1beam,P1|P2|P3|NEG,0,0.0
293,numerals1,mgpt_zero_1beam,P1|P2|P3|NEG|N1,0,0.0
294,numerals1,mgpt_zero_1beam,P1|P2|P3|NEG|N1|N2,0,0.0
295,numerals1,mgpt_zero_1beam,P1|P2|P3|NEG|N2,0,0.0
296,numerals1,xglm1.7B_zero_1beam,P1|NEG,7,0.0023333333333333335
297,numerals1,xglm1.7B_zero_1beam,P1|NEG|N1,7,0.0023333333333333335
298,numerals1,xglm1.7B_zero_1beam,P1|NEG|N1|N2,6,0.002
299,numerals1,xglm1.7B_zero_1beam,P1|NEG|N2,6,0.002
300,numerals1,xglm1.7B_zero_1beam,P1|P2|NEG,0,0.0
301,numerals1,xglm1.7B_zero_1beam,P1|P2|NEG|N1,0,0.0
302,numerals1,xglm1.7B_zero_1beam,P1|P2|NEG|N1|N2,0,0.0
303,numerals1,xglm1.7B_zero_1beam,P1|P2|NEG|N2,0,0.0
304,numerals1,xglm1.7B_zero_1beam,P1|P2|P3|NEG,0,0.0
305,numerals1,xglm1.7B_zero_1beam,P1|P2|P3|NEG|N1,0,0.0
306,numerals1,xglm1.7B_zero_1beam,P1|P2|P3|NEG|N1|N2,0,0.0
307,numerals1,xglm1.7B_zero_1beam,P1|P2|P3|NEG|N2,0,0.0
308,numerals1,xglm_alt_one_1beam,P1|NEG,165,0.055
309,numerals1,xglm_alt_one_1beam,P1|NEG|N1,160,0.05333333333333334
310,numerals1,xglm_alt_one_1beam,P1|NEG|N1|N2,160,0.05333333333333334
311,numerals1,xglm_alt_one_1beam,P1|NEG|N2,165,0.055
312,numerals1,xglm_alt_one_1beam,P1|P2|NEG,0,0.0
313,numerals1,xglm_alt_one_1beam,P1|P2|NEG|N1,0,0.0
314,numerals1,xglm_alt_one_1beam,P1|P2|NEG|N1|N2,0,0.0
315,numerals1,xglm_alt_one_1beam,P1|P2|NEG|N2,0,0.0
316,numerals1,xglm_alt_one_1beam,P1|P2|P3|NEG,0,0.0
317,numerals1,xglm_alt_one_1beam,P1|P2|P3|NEG|N1,0,0.0
318,numerals1,xglm_alt_one_1beam,P1|P2|P3|NEG|N1|N2,0,0.0
319,numerals1,xglm_alt_one_1beam,P1|P2|P3|NEG|N2,0,0.0
320,numerals1,xglm_alt_one_2beam,P1|NEG,221,0.07366666666666667
321,numerals1,xglm_alt_one_2beam,P1|NEG|N1,216,0.072
322,numerals1,xglm_alt_one_2beam,P1|NEG|N1|N2,216,0.072
323,numerals1,xglm_alt_one_2beam,P1|NEG|N2,221,0.07366666666666667
324,numerals1,xglm_alt_one_2beam,P1|P2|NEG,0,0.0
325,numerals1,xglm_alt_one_2beam,P1|P2|NEG|N1,0,0.0
326,numerals1,xglm_alt_one_2beam,P1|P2|NEG|N1|N2,0,0.0
327,numerals1,xglm_alt_one_2beam,P1|P2|NEG|N2,0,0.0
328,numerals1,xglm_alt_one_2beam,P1|P2|P3|NEG,0,0.0
329,numerals1,xglm_alt_one_2beam,P1|P2|P3|NEG|N1,0,0.0
330,numerals1,xglm_alt_one_2beam,P1|P2|P3|NEG|N1|N2,0,0.0
331,numerals1,xglm_alt_one_2beam,P1|P2|P3|NEG|N2,0,0.0
332,numerals1,xglm_one_1beam,P1|NEG,165,0.055
333,numerals1,xglm_one_1beam,P1|NEG|N1,160,0.05333333333333334
334,numerals1,xglm_one_1beam,P1|NEG|N1|N2,160,0.05333333333333334
335,numerals1,xglm_one_1beam,P1|NEG|N2,165,0.055
336,numerals1,xglm_one_1beam,P1|P2|NEG,0,0.0
337,numerals1,xglm_one_1beam,P1|P2|NEG|N1,0,0.0
338,numerals1,xglm_one_1beam,P1|P2|NEG|N1|N2,0,0.0
339,numerals1,xglm_one_1beam,P1|P2|NEG|N2,0,0.0
340,numerals1,xglm_one_1beam,P1|P2|P3|NEG,0,0.0
341,numerals1,xglm_one_1beam,P1|P2|P3|NEG|N1,0,0.0
342,numerals1,xglm_one_1beam,P1|P2|P3|NEG|N1|N2,0,0.0
343,numerals1,xglm_one_1beam,P1|P2|P3|NEG|N2,0,0.0
344,numerals1,xglm_one_2beam,P1|NEG,221,0.07366666666666667
345,numerals1,xglm_one_2beam,P1|NEG|N1,216,0.072
346,numerals1,xglm_one_2beam,P1|NEG|N1|N2,216,0.072
347,numerals1,xglm_one_2beam,P1|NEG|N2,221,0.07366666666666667
348,numerals1,xglm_one_2beam,P1|P2|NEG,0,0.0
349,numerals1,xglm_one_2beam,P1|P2|NEG|N1,0,0.0
350,numerals1,xglm_one_2beam,P1|P2|NEG|N1|N2,0,0.0
351,numerals1,xglm_one_2beam,P1|P2|NEG|N2,0,0.0
352,numerals1,xglm_one_2beam,P1|P2|P3|NEG,0,0.0
353,numerals1,xglm_one_2beam,P1|P2|P3|NEG|N1,0,0.0
354,numerals1,xglm_one_2beam,P1|P2|P3|NEG|N1|N2,0,0.0
355,numerals1,xglm_one_2beam,P1|P2|P3|NEG|N2,0,0.0
356,numerals1,xglm_zero_1beam,P1|NEG,3,0.001
357,numerals1,xglm_zero_1beam,P1|NEG|N1,1,0.0003333333333333333
358,numerals1,xglm_zero_1beam,P1|NEG|N1|N2,1,0.0003333333333333333
359,numerals1,xglm_zero_1beam,P1|NEG|N2,1,0.0003333333333333333
360,numerals1,xglm_zero_1beam,P1|P2|NEG,0,0.0
361,numerals1,xglm_zero_1beam,P1|P2|NEG|N1,0,0.0
362,numerals1,xglm_zero_1beam,P1|P2|NEG|N1|N2,0,0.0
363,numerals1,xglm_zero_1beam,P1|P2|NEG|N2,0,0.0
364,numerals1,xglm_zero_1beam,P1|P2|P3|NEG,0,0.0
365,numerals1,xglm_zero_1beam,P1|P2|P3|NEG|N1,0,0.0
366,numerals1,xglm_zero_1beam,P1|P2|P3|NEG|N1|N2,0,0.0
367,numerals1,xglm_zero_1beam,P1|P2|P3|NEG|N2,0,0.0
368,numerals1,xglm_zero_2beam,P1|NEG,3,0.001
369,numerals1,xglm_zero_2beam,P1|NEG|N1,1,0.0003333333333333333
370,numerals1,xglm_zero_2beam,P1|NEG|N1|N2,1,0.0003333333333333333
371,numerals1,xglm_zero_2beam,P1|NEG|N2,3,0.001
372,numerals1,xglm_zero_2beam,P1|P2|NEG,1,0.0003333333333333333
373,numerals1,xglm_zero_2beam,P1|P2|NEG|N1,1,0.0003333333333333333
374,numerals1,xglm_zero_2beam,P1|P2|NEG|N1|N2,1,0.0003333333333333333
375,numerals1,xglm_zero_2beam,P1|P2|NEG|N2,1,0.0003333333333333333
376,numerals1,xglm_zero_2beam,P1|P2|P3|NEG,1,0.0003333333333333333
377,numerals1,xglm_zero_2beam,P1|P2|P3|NEG|N1,1,0.0003333333333333333
378,numerals1,xglm_zero_2beam,P1|P2|P3|NEG|N1|N2,1,0.0003333333333333333
379,numerals1,xglm_zero_2beam,P1|P2|P3|NEG|N2,1,0.0003333333333333333
380,numerals2,mgpt_alt_1beam,P1|NEG,308,0.10266666666666667
381,numerals2,mgpt_alt_1beam,P1|NEG|N1,308,0.10266666666666667
382,numerals2,mgpt_alt_1beam,P1|NEG|N1|N2,308,0.10266666666666667
383,numerals2,mgpt_alt_1beam,P1|NEG|N2,308,0.10266666666666667
384,numerals2,mgpt_alt_1beam,P1|P2|NEG,0,0.0
385,numerals2,mgpt_alt_1beam,P1|P2|NEG|N1,0,0.0
386,numerals2,mgpt_alt_1beam,P1|P2|NEG|N1|N2,0,0.0
387,numerals2,mgpt_alt_1beam,P1|P2|NEG|N2,0,0.0
388,numerals2,mgpt_alt_1beam,P1|P2|P3|NEG,0,0.0
389,numerals2,mgpt_alt_1beam,P1|P2|P3|NEG|N1,0,0.0
390,numerals2,mgpt_alt_1beam,P1|P2|P3|NEG|N1|N2,0,0.0
391,numerals2,mgpt_alt_1beam,P1|P2|P3|NEG|N2,0,0.0
392,numerals2,mgpt_one_1beam,P1|NEG,306,0.102
393,numerals2,mgpt_one_1beam,P1|NEG|N1,306,0.102
394,numerals2,mgpt_one_1beam,P1|NEG|N1|N2,306,0.102
395,numerals2,mgpt_one_1beam,P1|NEG|N2,306,0.102
396,numerals2,mgpt_one_1beam,P1|P2|NEG,0,0.0
397,numerals2,mgpt_one_1beam,P1|P2|NEG|N1,0,0.0
398,numerals2,mgpt_one_1beam,P1|P2|NEG|N1|N2,0,0.0
399,numerals2,mgpt_one_1beam,P1|P2|NEG|N2,0,0.0
400,numerals2,mgpt_one_1beam,P1|P2|P3|NEG,0,0.0
401,numerals2,mgpt_one_1beam,P1|P2|P3|NEG|N1,0,0.0
402,numerals2,mgpt_one_1beam,P1|P2|P3|NEG|N1|N2,0,0.0
403,numerals2,mgpt_one_1beam,P1|P2|P3|NEG|N2,0,0.0
404,numerals2,mgpt_zero_1beam,P1|NEG,306,0.102
405,numerals2,mgpt_zero_1beam,P1|NEG|N1,306,0.102
406,numerals2,mgpt_zero_1beam,P1|NEG|N1|N2,227,0.07566666666666666
407,numerals2,mgpt_zero_1beam,P1|NEG|N2,227,0.07566666666666666
408,numerals2,mgpt_zero_1beam,P1|P2|NEG,118,0.03933333333333333
409,numerals2,mgpt_zero_1beam,P1|P2|NEG|N1,118,0.03933333333333333
410,numerals2,mgpt_zero_1beam,P1|P2|NEG|N1|N2,40,0.013333333333333334
411,numerals2,mgpt_zero_1beam,P1|P2|NEG|N2,40,0.013333333333333334
412,numerals2,mgpt_zero_1beam,P1|P2|P3|NEG,72,0.024
413,numerals2,mgpt_zero_1beam,P1|P2|P3|NEG|N1,72,0.024
414,numerals2,mgpt_zero_1beam,P1|P2|P3|NEG|N1|N2,0,0.0
415,numerals2,mgpt_zero_1beam,P1|P2|P3|NEG|N2,0,0.0
416,numerals2,xglm1.7B_zero_1beam,P1|NEG,294,0.098
417,numerals2,xglm1.7B_zero_1beam,P1|NEG|N1,294,0.098
418,numerals2,xglm1.7B_zero_1beam,P1|NEG|N1|N2,170,0.056666666666666664
419,numerals2,xglm1.7B_zero_1beam,P1|NEG|N2,170,0.056666666666666664
420,numerals2,xglm1.7B_zero_1beam,P1|P2|NEG,143,0.04766666666666667
421,numerals2,xglm1.7B_zero_1beam,P1|P2|NEG|N1,143,0.04766666666666667
422,numerals2,xglm1.7B_zero_1beam,P1|P2|NEG|N1|N2,19,0.006333333333333333
423,numerals2,xglm1.7B_zero_1beam,P1|P2|NEG|N2,19,0.006333333333333333
424,numerals2,xglm1.7B_zero_1beam,P1|P2|P3|NEG,61,0.02033333333333333
425,numerals2,xglm1.7B_zero_1beam,P1|P2|P3|NEG|N1,61,0.02033333333333333
426,numerals2,xglm1.7B_zero_1beam,P1|P2|P3|NEG|N1|N2,0,0.0
427,numerals2,xglm1.7B_zero_1beam,P1|P2|P3|NEG|N2,0,0.0
428,numerals2,xglm_alt_one_1beam,P1|NEG,395,0.13166666666666665
429,numerals2,xglm_alt_one_1beam,P1|NEG|N1,395,0.13166666666666665
430,numerals2,xglm_alt_one_1beam,P1|NEG|N1|N2,395,0.13166666666666665
431,numerals2,xglm_alt_one_1beam,P1|NEG|N2,395,0.13166666666666665
432,numerals2,xglm_alt_one_1beam,P1|P2|NEG,0,0.0
433,numerals2,xglm_alt_one_1beam,P1|P2|NEG|N1,0,0.0
434,numerals2,xglm_alt_one_1beam,P1|P2|NEG|N1|N2,0,0.0
435,numerals2,xglm_alt_one_1beam,P1|P2|NEG|N2,0,0.0
436,numerals2,xglm_alt_one_1beam,P1|P2|P3|NEG,0,0.0
437,numerals2,xglm_alt_one_1beam,P1|P2|P3|NEG|N1,0,0.0
438,numerals2,xglm_alt_one_1beam,P1|P2|P3|NEG|N1|N2,0,0.0
439,numerals2,xglm_alt_one_1beam,P1|P2|P3|NEG|N2,0,0.0
440,numerals2,xglm_alt_one_2beam,P1|NEG,368,0.12266666666666666
441,numerals2,xglm_alt_one_2beam,P1|NEG|N1,368,0.12266666666666666
442,numerals2,xglm_alt_one_2beam,P1|NEG|N1|N2,368,0.12266666666666666
443,numerals2,xglm_alt_one_2beam,P1|NEG|N2,368,0.12266666666666666
444,numerals2,xglm_alt_one_2beam,P1|P2|NEG,0,0.0
445,numerals2,xglm_alt_one_2beam,P1|P2|NEG|N1,0,0.0
446,numerals2,xglm_alt_one_2beam,P1|P2|NEG|N1|N2,0,0.0
447,numerals2,xglm_alt_one_2beam,P1|P2|NEG|N2,0,0.0
448,numerals2,xglm_alt_one_2beam,P1|P2|P3|NEG,0,0.0
449,numerals2,xglm_alt_one_2beam,P1|P2|P3|NEG|N1,0,0.0
450,numerals2,xglm_alt_one_2beam,P1|P2|P3|NEG|N1|N2,0,0.0
451,numerals2,xglm_alt_one_2beam,P1|P2|P3|NEG|N2,0,0.0
452,numerals2,xglm_one_1beam,P1|NEG,394,0.13133333333333333
453,numerals2,xglm_one_1beam,P1|NEG|N1,394,0.13133333333333333
454,numerals2,xglm_one_1beam,P1|NEG|N1|N2,394,0.13133333333333333
455,numerals2,xglm_one_1beam,P1|NEG|N2,394,0.13133333333333333
456,numerals2,xglm_one_1beam,P1|P2|NEG,0,0.0
457,numerals2,xglm_one_1beam,P1|P2|NEG|N1,0,0.0
458,numerals2,xglm_one_1beam,P1|P2|NEG|N1|N2,0,0.0
459,numerals2,xglm_one_1beam,P1|P2|NEG|N2,0,0.0
460,numerals2,xglm_one_1beam,P1|P2|P3|NEG,0,0.0
461,numerals2,xglm_one_1beam,P1|P2|P3|NEG|N1,0,0.0
462,numerals2,xglm_one_1beam,P1|P2|P3|NEG|N1|N2,0,0.0
463,numerals2,xglm_one_1beam,P1|P2|P3|NEG|N2,0,0.0
464,numerals2,xglm_one_2beam,P1|NEG,365,0.12166666666666667
465,numerals2,xglm_one_2beam,P1|NEG|N1,365,0.12166666666666667
466,numerals2,xglm_one_2beam,P1|NEG|N1|N2,365,0.12166666666666667
467,numerals2,xglm_one_2beam,P1|NEG|N2,365,0.12166666666666667
468,numerals2,xglm_one_2beam,P1|P2|NEG,0,0.0
469,numerals2,xglm_one_2beam,P1|P2|NEG|N1,0,0.0
470,numerals2,xglm_one_2beam,P1|P2|NEG|N1|N2,0,0.0
471,numerals2,xglm_one_2beam,P1|P2|NEG|N2,0,0.0
472,numerals2,xglm_one_2beam,P1|P2|P3|NEG,0,0.0
473,numerals2,xglm_one_2beam,P1|P2|P3|NEG|N1,0,0.0
474,numerals2,xglm_one_2beam,P1|P2|P3|NEG|N1|N2,0,0.0
475,numerals2,xglm_one_2beam,P1|P2|P3|NEG|N2,0,0.0
476,numerals2,xglm_zero_1beam,P1|NEG,332,0.11066666666666666
477,numerals2,xglm_zero_1beam,P1|NEG|N1,332,0.11066666666666666
478,numerals2,xglm_zero_1beam,P1|NEG|N1|N2,154,0.051333333333333335
479,numerals2,xglm_zero_1beam,P1|NEG|N2,154,0.051333333333333335
480,numerals2,xglm_zero_1beam,P1|P2|NEG,241,0.08033333333333334
481,numerals2,xglm_zero_1beam,P1|P2|NEG|N1,241,0.08033333333333334
482,numerals2,xglm_zero_1beam,P1|P2|NEG|N1|N2,68,0.02266666666666667
483,numerals2,xglm_zero_1beam,P1|P2|NEG|N2,68,0.02266666666666667
484,numerals2,xglm_zero_1beam,P1|P2|P3|NEG,153,0.051
485,numerals2,xglm_zero_1beam,P1|P2|P3|NEG|N1,153,0.051
486,numerals2,xglm_zero_1beam,P1|P2|P3|NEG|N1|N2,30,0.01
487,numerals2,xglm_zero_1beam,P1|P2|P3|NEG|N2,30,0.01
488,numerals2,xglm_zero_2beam,P1|NEG,374,0.12466666666666666
489,numerals2,xglm_zero_2beam,P1|NEG|N1,374,0.12466666666666666
490,numerals2,xglm_zero_2beam,P1|NEG|N1|N2,153,0.051
491,numerals2,xglm_zero_2beam,P1|NEG|N2,153,0.051
492,numerals2,xglm_zero_2beam,P1|P2|NEG,265,0.08833333333333333
493,numerals2,xglm_zero_2beam,P1|P2|NEG|N1,265,0.08833333333333333
494,numerals2,xglm_zero_2beam,P1|P2|NEG|N1|N2,59,0.019666666666666666
495,numerals2,xglm_zero_2beam,P1|P2|NEG|N2,59,0.019666666666666666
496,numerals2,xglm_zero_2beam,P1|P2|P3|NEG,184,0.06133333333333333
497,numerals2,xglm_zero_2beam,P1|P2|P3|NEG|N1,184,0.06133333333333333
498,numerals2,xglm_zero_2beam,P1|P2|P3|NEG|N1|N2,36,0.012
499,numerals2,xglm_zero_2beam,P1|P2|P3|NEG|N2,36,0.012
500,spatial1,mgpt_alt_1beam,P1|NEG,1597,0.5323333333333333
501,spatial1,mgpt_alt_1beam,P1|NEG|N1,1502,0.5006666666666667
502,spatial1,mgpt_alt_1beam,P1|NEG|N1|N2,1496,0.49866666666666665
503,spatial1,mgpt_alt_1beam,P1|NEG|N2,1580,0.5266666666666666
504,spatial1,mgpt_alt_1beam,P1|P2|NEG,206,0.06866666666666667
505,spatial1,mgpt_alt_1beam,P1|P2|NEG|N1,111,0.037
506,spatial1,mgpt_alt_1beam,P1|P2|NEG|N1|N2,111,0.037
507,spatial1,mgpt_alt_1beam,P1|P2|NEG|N2,195,0.065
508,spatial1,mgpt_one_1beam,P1|NEG,1178,0.39266666666666666
509,spatial1,mgpt_one_1beam,P1|NEG|N1,1130,0.37666666666666665
510,spatial1,mgpt_one_1beam,P1|NEG|N1|N2,1093,0.36433333333333334
511,spatial1,mgpt_one_1beam,P1|NEG|N2,1131,0.377
512,spatial1,mgpt_one_1beam,P1|P2|NEG,281,0.09366666666666666
513,spatial1,mgpt_one_1beam,P1|P2|NEG|N1,235,0.07833333333333334
514,spatial1,mgpt_one_1beam,P1|P2|NEG|N1|N2,235,0.07833333333333334
515,spatial1,mgpt_one_1beam,P1|P2|NEG|N2,271,0.09033333333333333
516,spatial1,mgpt_zero_1beam,P1|NEG,745,0.24833333333333332
517,spatial1,mgpt_zero_1beam,P1|NEG|N1,316,0.10533333333333333
518,spatial1,mgpt_zero_1beam,P1|NEG|N1|N2,167,0.05566666666666667
519,spatial1,mgpt_zero_1beam,P1|NEG|N2,266,0.08866666666666667
520,spatial1,mgpt_zero_1beam,P1|P2|NEG,534,0.178
521,spatial1,mgpt_zero_1beam,P1|P2|NEG|N1,126,0.042
522,spatial1,mgpt_zero_1beam,P1|P2|NEG|N1|N2,110,0.03666666666666667
523,spatial1,mgpt_zero_1beam,P1|P2|NEG|N2,206,0.06866666666666667
524,spatial1,xglm1.7B_zero_1beam,P1|NEG,1976,0.6586666666666666
525,spatial1,xglm1.7B_zero_1beam,P1|NEG|N1,767,0.25566666666666665
526,spatial1,xglm1.7B_zero_1beam,P1|NEG|N1|N2,760,0.25333333333333335
527,spatial1,xglm1.7B_zero_1beam,P1|NEG|N2,1500,0.5
528,spatial1,xglm1.7B_zero_1beam,P1|P2|NEG,1572,0.524
529,spatial1,xglm1.7B_zero_1beam,P1|P2|NEG|N1,456,0.152
530,spatial1,xglm1.7B_zero_1beam,P1|P2|NEG|N1|N2,456,0.152
531,spatial1,xglm1.7B_zero_1beam,P1|P2|NEG|N2,1103,0.36766666666666664
532,spatial1,xglm_alt_one_1beam,P1|NEG,788,0.26266666666666666
533,spatial1,xglm_alt_one_1beam,P1|NEG|N1,657,0.219
534,spatial1,xglm_alt_one_1beam,P1|NEG|N1|N2,656,0.21866666666666668
535,spatial1,xglm_alt_one_1beam,P1|NEG|N2,684,0.228
536,spatial1,xglm_alt_one_1beam,P1|P2|NEG,226,0.07533333333333334
537,spatial1,xglm_alt_one_1beam,P1|P2|NEG|N1,100,0.03333333333333333
538,spatial1,xglm_alt_one_1beam,P1|P2|NEG|N1|N2,100,0.03333333333333333
539,spatial1,xglm_alt_one_1beam,P1|P2|NEG|N2,123,0.041
540,spatial1,xglm_alt_one_2beam,P1|NEG,967,0.32233333333333336
541,spatial1,xglm_alt_one_2beam,P1|NEG|N1,728,0.24266666666666667
542,spatial1,xglm_alt_one_2beam,P1|NEG|N1|N2,727,0.24233333333333335
543,spatial1,xglm_alt_one_2beam,P1|NEG|N2,781,0.26033333333333336
544,spatial1,xglm_alt_one_2beam,P1|P2|NEG,333,0.111
545,spatial1,xglm_alt_one_2beam,P1|P2|NEG|N1,108,0.036
546,spatial1,xglm_alt_one_2beam,P1|P2|NEG|N1|N2,108,0.036
547,spatial1,xglm_alt_one_2beam,P1|P2|NEG|N2,157,0.052333333333333336
548,spatial1,xglm_one_1beam,P1|NEG,758,0.25266666666666665
549,spatial1,xglm_one_1beam,P1|NEG|N1,673,0.22433333333333333
550,spatial1,xglm_one_1beam,P1|NEG|N1|N2,671,0.22366666666666668
551,spatial1,xglm_one_1beam,P1|NEG|N2,680,0.22666666666666666
552,spatial1,xglm_one_1beam,P1|P2|NEG,225,0.075
553,spatial1,xglm_one_1beam,P1|P2|NEG|N1,140,0.04666666666666667
554,spatial1,xglm_one_1beam,P1|P2|NEG|N1|N2,140,0.04666666666666667
555,spatial1,xglm_one_1beam,P1|P2|NEG|N2,149,0.049666666666666665
556,spatial1,xglm_one_2beam,P1|NEG,792,0.264
557,spatial1,xglm_one_2beam,P1|NEG|N1,657,0.219
558,spatial1,xglm_one_2beam,P1|NEG|N1|N2,653,0.21766666666666667
559,spatial1,xglm_one_2beam,P1|NEG|N2,687,0.229
560,spatial1,xglm_one_2beam,P1|P2|NEG,261,0.087
561,spatial1,xglm_one_2beam,P1|P2|NEG|N1,130,0.043333333333333335
562,spatial1,xglm_one_2beam,P1|P2|NEG|N1|N2,130,0.043333333333333335
563,spatial1,xglm_one_2beam,P1|P2|NEG|N2,162,0.054
564,spatial1,xglm_zero_1beam,P1|NEG,1221,0.407
565,spatial1,xglm_zero_1beam,P1|NEG|N1,443,0.14766666666666667
566,spatial1,xglm_zero_1beam,P1|NEG|N1|N2,427,0.14233333333333334
567,spatial1,xglm_zero_1beam,P1|NEG|N2,885,0.295
568,spatial1,xglm_zero_1beam,P1|P2|NEG,1111,0.37033333333333335
569,spatial1,xglm_zero_1beam,P1|P2|NEG|N1,360,0.12
570,spatial1,xglm_zero_1beam,P1|P2|NEG|N1|N2,357,0.119
571,spatial1,xglm_zero_1beam,P1|P2|NEG|N2,793,0.2643333333333333
572,spatial1,xglm_zero_2beam,P1|NEG,2201,0.7336666666666667
573,spatial1,xglm_zero_2beam,P1|NEG|N1,490,0.16333333333333333
574,spatial1,xglm_zero_2beam,P1|NEG|N1|N2,454,0.15133333333333332
575,spatial1,xglm_zero_2beam,P1|NEG|N2,1454,0.4846666666666667
576,spatial1,xglm_zero_2beam,P1|P2|NEG,2026,0.6753333333333333
577,spatial1,xglm_zero_2beam,P1|P2|NEG|N1,381,0.127
578,spatial1,xglm_zero_2beam,P1|P2|NEG|N1|N2,368,0.12266666666666666
579,spatial1,xglm_zero_2beam,P1|P2|NEG|N2,1318,0.43933333333333335
580,spatial2,mgpt_alt_1beam,P1|NEG,1213,0.4043333333333333
581,spatial2,mgpt_alt_1beam,P1|NEG|N1,1213,0.4043333333333333
582,spatial2,mgpt_alt_1beam,P1|NEG|N1|N2,1166,0.38866666666666666
583,spatial2,mgpt_alt_1beam,P1|NEG|N2,1166,0.38866666666666666
584,spatial2,mgpt_alt_1beam,P1|P2|NEG,395,0.13166666666666665
585,spatial2,mgpt_alt_1beam,P1|P2|NEG|N1,395,0.13166666666666665
586,spatial2,mgpt_alt_1beam,P1|P2|NEG|N1|N2,370,0.12333333333333334
587,spatial2,mgpt_alt_1beam,P1|P2|NEG|N2,370,0.12333333333333334
588,spatial2,mgpt_one_1beam,P1|NEG,1201,0.4003333333333333
589,spatial2,mgpt_one_1beam,P1|NEG|N1,1201,0.4003333333333333
590,spatial2,mgpt_one_1beam,P1|NEG|N1|N2,1135,0.37833333333333335
591,spatial2,mgpt_one_1beam,P1|NEG|N2,1135,0.37833333333333335
592,spatial2,mgpt_one_1beam,P1|P2|NEG,397,0.13233333333333333
593,spatial2,mgpt_one_1beam,P1|P2|NEG|N1,397,0.13233333333333333
594,spatial2,mgpt_one_1beam,P1|P2|NEG|N1|N2,378,0.126
595,spatial2,mgpt_one_1beam,P1|P2|NEG|N2,378,0.126
596,spatial2,mgpt_zero_1beam,P1|NEG,1162,0.3873333333333333
597,spatial2,mgpt_zero_1beam,P1|NEG|N1,1162,0.3873333333333333
598,spatial2,mgpt_zero_1beam,P1|NEG|N1|N2,750,0.25
599,spatial2,mgpt_zero_1beam,P1|NEG|N2,750,0.25
600,spatial2,mgpt_zero_1beam,P1|P2|NEG,992,0.33066666666666666
601,spatial2,mgpt_zero_1beam,P1|P2|NEG|N1,992,0.33066666666666666
602,spatial2,mgpt_zero_1beam,P1|P2|NEG|N1|N2,664,0.22133333333333333
603,spatial2,mgpt_zero_1beam,P1|P2|NEG|N2,664,0.22133333333333333
604,spatial2,xglm1.7B_zero_1beam,P1|NEG,1890,0.63
605,spatial2,xglm1.7B_zero_1beam,P1|NEG|N1,1890,0.63
606,spatial2,xglm1.7B_zero_1beam,P1|NEG|N1|N2,1607,0.5356666666666666
607,spatial2,xglm1.7B_zero_1beam,P1|NEG|N2,1607,0.5356666666666666
608,spatial2,xglm1.7B_zero_1beam,P1|P2|NEG,838,0.2793333333333333
609,spatial2,xglm1.7B_zero_1beam,P1|P2|NEG|N1,838,0.2793333333333333
610,spatial2,xglm1.7B_zero_1beam,P1|P2|NEG|N1|N2,821,0.27366666666666667
611,spatial2,xglm1.7B_zero_1beam,P1|P2|NEG|N2,821,0.27366666666666667
612,spatial2,xglm_alt_one_1beam,P1|NEG,450,0.15
613,spatial2,xglm_alt_one_1beam,P1|NEG|N1,450,0.15
614,spatial2,xglm_alt_one_1beam,P1|NEG|N1|N2,373,0.12433333333333334
615,spatial2,xglm_alt_one_1beam,P1|NEG|N2,373,0.12433333333333334
616,spatial2,xglm_alt_one_1beam,P1|P2|NEG,52,0.017333333333333333
617,spatial2,xglm_alt_one_1beam,P1|P2|NEG|N1,52,0.017333333333333333
618,spatial2,xglm_alt_one_1beam,P1|P2|NEG|N1|N2,52,0.017333333333333333
619,spatial2,xglm_alt_one_1beam,P1|P2|NEG|N2,52,0.017333333333333333
620,spatial2,xglm_alt_one_2beam,P1|NEG,487,0.16233333333333333
621,spatial2,xglm_alt_one_2beam,P1|NEG|N1,487,0.16233333333333333
622,spatial2,xglm_alt_one_2beam,P1|NEG|N1|N2,425,0.14166666666666666
623,spatial2,xglm_alt_one_2beam,P1|NEG|N2,425,0.14166666666666666
624,spatial2,xglm_alt_one_2beam,P1|P2|NEG,50,0.016666666666666666
625,spatial2,xglm_alt_one_2beam,P1|P2|NEG|N1,50,0.016666666666666666
626,spatial2,xglm_alt_one_2beam,P1|P2|NEG|N1|N2,43,0.014333333333333333
627,spatial2,xglm_alt_one_2beam,P1|P2|NEG|N2,43,0.014333333333333333
628,spatial2,xglm_one_1beam,P1|NEG,681,0.227
629,spatial2,xglm_one_1beam,P1|NEG|N1,681,0.227
630,spatial2,xglm_one_1beam,P1|NEG|N1|N2,606,0.202
631,spatial2,xglm_one_1beam,P1|NEG|N2,606,0.202
632,spatial2,xglm_one_1beam,P1|P2|NEG,49,0.01633333333333333
633,spatial2,xglm_one_1beam,P1|P2|NEG|N1,49,0.01633333333333333
634,spatial2,xglm_one_1beam,P1|P2|NEG|N1|N2,49,0.01633333333333333
635,spatial2,xglm_one_1beam,P1|P2|NEG|N2,49,0.01633333333333333
636,spatial2,xglm_one_2beam,P1|NEG,611,0.20366666666666666
637,spatial2,xglm_one_2beam,P1|NEG|N1,611,0.20366666666666666
638,spatial2,xglm_one_2beam,P1|NEG|N1|N2,538,0.17933333333333334
639,spatial2,xglm_one_2beam,P1|NEG|N2,538,0.17933333333333334
640,spatial2,xglm_one_2beam,P1|P2|NEG,11,0.0036666666666666666
641,spatial2,xglm_one_2beam,P1|P2|NEG|N1,11,0.0036666666666666666
642,spatial2,xglm_one_2beam,P1|P2|NEG|N1|N2,11,0.0036666666666666666
643,spatial2,xglm_one_2beam,P1|P2|NEG|N2,11,0.0036666666666666666
644,spatial2,xglm_zero_1beam,P1|NEG,846,0.282
645,spatial2,xglm_zero_1beam,P1|NEG|N1,844,0.2813333333333333
646,spatial2,xglm_zero_1beam,P1|NEG|N1|N2,717,0.239
647,spatial2,xglm_zero_1beam,P1|NEG|N2,717,0.239
648,spatial2,xglm_zero_1beam,P1|P2|NEG,534,0.178
649,spatial2,xglm_zero_1beam,P1|P2|NEG|N1,534,0.178
650,spatial2,xglm_zero_1beam,P1|P2|NEG|N1|N2,534,0.178
651,spatial2,xglm_zero_1beam,P1|P2|NEG|N2,534,0.178
652,spatial2,xglm_zero_2beam,P1|NEG,1280,0.4266666666666667
653,spatial2,xglm_zero_2beam,P1|NEG|N1,1279,0.42633333333333334
654,spatial2,xglm_zero_2beam,P1|NEG|N1|N2,1061,0.3536666666666667
655,spatial2,xglm_zero_2beam,P1|NEG|N2,1061,0.3536666666666667
656,spatial2,xglm_zero_2beam,P1|P2|NEG,758,0.25266666666666665
657,spatial2,xglm_zero_2beam,P1|P2|NEG|N1,758,0.25266666666666665
658,spatial2,xglm_zero_2beam,P1|P2|NEG|N1|N2,753,0.251
659,spatial2,xglm_zero_2beam,P1|P2|NEG|N2,753,0.251
660,temporal1,mgpt_alt_1beam,P1,775,0.25833333333333336
661,temporal1,mgpt_alt_1beam,P1|N1,683,0.22766666666666666
662,temporal1,mgpt_alt_1beam,P1|N1|N2,680,0.22666666666666666
663,temporal1,mgpt_alt_1beam,P1|N2,723,0.241
664,temporal1,mgpt_alt_1beam,P1|P2|NEG,2,0.0006666666666666666
665,temporal1,mgpt_alt_1beam,P1|P2|NEG|N1,0,0.0
666,temporal1,mgpt_alt_1beam,P1|P2|NEG|N1|N2,0,0.0
667,temporal1,mgpt_alt_1beam,P1|P2|NEG|N2,2,0.0006666666666666666
668,temporal1,mgpt_one_1beam,P1,1166,0.38866666666666666
669,temporal1,mgpt_one_1beam,P1|N1,1151,0.38366666666666666
670,temporal1,mgpt_one_1beam,P1|N1|N2,1151,0.38366666666666666
671,temporal1,mgpt_one_1beam,P1|N2,1156,0.38533333333333336
672,temporal1,mgpt_one_1beam,P1|P2|NEG,0,0.0
673,temporal1,mgpt_one_1beam,P1|P2|NEG|N1,0,0.0
674,temporal1,mgpt_one_1beam,P1|P2|NEG|N1|N2,0,0.0
675,temporal1,mgpt_one_1beam,P1|P2|NEG|N2,0,0.0
676,temporal1,mgpt_zero_1beam,P1,2260,0.7533333333333333
677,temporal1,mgpt_zero_1beam,P1|N1,1604,0.5346666666666666
678,temporal1,mgpt_zero_1beam,P1|N1|N2,1516,0.5053333333333333
679,temporal1,mgpt_zero_1beam,P1|N2,1788,0.596
680,temporal1,mgpt_zero_1beam,P1|P2|NEG,791,0.26366666666666666
681,temporal1,mgpt_zero_1beam,P1|P2|NEG|N1,706,0.23533333333333334
682,temporal1,mgpt_zero_1beam,P1|P2|NEG|N1|N2,705,0.235
683,temporal1,mgpt_zero_1beam,P1|P2|NEG|N2,785,0.26166666666666666
684,temporal1,xglm1.7B_zero_1beam,P1,1798,0.5993333333333334
685,temporal1,xglm1.7B_zero_1beam,P1|N1,1255,0.41833333333333333
686,temporal1,xglm1.7B_zero_1beam,P1|N1|N2,1206,0.402
687,temporal1,xglm1.7B_zero_1beam,P1|N2,1343,0.44766666666666666
688,temporal1,xglm1.7B_zero_1beam,P1|P2|NEG,179,0.059666666666666666
689,temporal1,xglm1.7B_zero_1beam,P1|P2|NEG|N1,121,0.04033333333333333
690,temporal1,xglm1.7B_zero_1beam,P1|P2|NEG|N1|N2,118,0.03933333333333333
691,temporal1,xglm1.7B_zero_1beam,P1|P2|NEG|N2,173,0.057666666666666665
692,temporal1,xglm_alt_one_1beam,P1,784,0.2613333333333333
693,temporal1,xglm_alt_one_1beam,P1|N1,784,0.2613333333333333
694,temporal1,xglm_alt_one_1beam,P1|N1|N2,784,0.2613333333333333
695,temporal1,xglm_alt_one_1beam,P1|N2,784,0.2613333333333333
696,temporal1,xglm_alt_one_1beam,P1|P2|NEG,0,0.0
697,temporal1,xglm_alt_one_1beam,P1|P2|NEG|N1,0,0.0
698,temporal1,xglm_alt_one_1beam,P1|P2|NEG|N1|N2,0,0.0
699,temporal1,xglm_alt_one_1beam,P1|P2|NEG|N2,0,0.0
700,temporal1,xglm_alt_one_2beam,P1,802,0.2673333333333333
701,temporal1,xglm_alt_one_2beam,P1|N1,794,0.26466666666666666
702,temporal1,xglm_alt_one_2beam,P1|N1|N2,794,0.26466666666666666
703,temporal1,xglm_alt_one_2beam,P1|N2,802,0.2673333333333333
704,temporal1,xglm_alt_one_2beam,P1|P2|NEG,0,0.0
705,temporal1,xglm_alt_one_2beam,P1|P2|NEG|N1,0,0.0
706,temporal1,xglm_alt_one_2beam,P1|P2|NEG|N1|N2,0,0.0
707,temporal1,xglm_alt_one_2beam,P1|P2|NEG|N2,0,0.0
708,temporal1,xglm_one_1beam,P1,1087,0.36233333333333334
709,temporal1,xglm_one_1beam,P1|N1,1087,0.36233333333333334
710,temporal1,xglm_one_1beam,P1|N1|N2,1087,0.36233333333333334
711,temporal1,xglm_one_1beam,P1|N2,1087,0.36233333333333334
712,temporal1,xglm_one_1beam,P1|P2|NEG,0,0.0
713,temporal1,xglm_one_1beam,P1|P2|NEG|N1,0,0.0
714,temporal1,xglm_one_1beam,P1|P2|NEG|N1|N2,0,0.0
715,temporal1,xglm_one_1beam,P1|P2|NEG|N2,0,0.0
716,temporal1,xglm_one_2beam,P1,1055,0.3516666666666667
717,temporal1,xglm_one_2beam,P1|N1,1028,0.3426666666666667
718,temporal1,xglm_one_2beam,P1|N1|N2,1028,0.3426666666666667
719,temporal1,xglm_one_2beam,P1|N2,1055,0.3516666666666667
720,temporal1,xglm_one_2beam,P1|P2|NEG,0,0.0
721,temporal1,xglm_one_2beam,P1|P2|NEG|N1,0,0.0
722,temporal1,xglm_one_2beam,P1|P2|NEG|N1|N2,0,0.0
723,temporal1,xglm_one_2beam,P1|P2|NEG|N2,0,0.0
724,temporal1,xglm_zero_1beam,P1,2236,0.7453333333333333
725,temporal1,xglm_zero_1beam,P1|N1,1912,0.6373333333333333
726,temporal1,xglm_zero_1beam,P1|N1|N2,1785,0.595
727,temporal1,xglm_zero_1beam,P1|N2,2030,0.6766666666666666
728,temporal1,xglm_zero_1beam,P1|P2|NEG,1505,0.5016666666666667
729,temporal1,xglm_zero_1beam,P1|P2|NEG|N1,1394,0.4646666666666667
730,temporal1,xglm_zero_1beam,P1|P2|NEG|N1|N2,1388,0.46266666666666667
731,temporal1,xglm_zero_1beam,P1|P2|NEG|N2,1483,0.49433333333333335
732,temporal1,xglm_zero_2beam,P1,2295,0.765
733,temporal1,xglm_zero_2beam,P1|N1,871,0.29033333333333333
734,temporal1,xglm_zero_2beam,P1|N1|N2,759,0.253
735,temporal1,xglm_zero_2beam,P1|N2,1346,0.44866666666666666
736,temporal1,xglm_zero_2beam,P1|P2|NEG,1053,0.351
737,temporal1,xglm_zero_2beam,P1|P2|NEG|N1,564,0.188
738,temporal1,xglm_zero_2beam,P1|P2|NEG|N1|N2,556,0.18533333333333332
739,temporal1,xglm_zero_2beam,P1|P2|NEG|N2,1012,0.3373333333333333
740,temporal2,mgpt_alt_1beam,P1,2641,0.8803333333333333
741,temporal2,mgpt_alt_1beam,P1|N1,49,0.01633333333333333
742,temporal2,mgpt_alt_1beam,P1|N1|N2,43,0.014333333333333333
743,temporal2,mgpt_alt_1beam,P1|N2,2321,0.7736666666666666
744,temporal2,mgpt_alt_1beam,P1|P2|NEG,25,0.008333333333333333
745,temporal2,mgpt_alt_1beam,P1|P2|NEG|N1,6,0.002
746,temporal2,mgpt_alt_1beam,P1|P2|NEG|N1|N2,6,0.002
747,temporal2,mgpt_alt_1beam,P1|P2|NEG|N2,20,0.006666666666666667
748,temporal2,mgpt_one_1beam,P1,1019,0.3396666666666667
749,temporal2,mgpt_one_1beam,P1|N1,1011,0.337
750,temporal2,mgpt_one_1beam,P1|N1|N2,1011,0.337
751,temporal2,mgpt_one_1beam,P1|N2,1012,0.3373333333333333
752,temporal2,mgpt_one_1beam,P1|P2|NEG,1,0.0003333333333333333
753,temporal2,mgpt_one_1beam,P1|P2|NEG|N1,1,0.0003333333333333333
754,temporal2,mgpt_one_1beam,P1|P2|NEG|N1|N2,1,0.0003333333333333333
755,temporal2,mgpt_one_1beam,P1|P2|NEG|N2,1,0.0003333333333333333
756,temporal2,mgpt_zero_1beam,P1,2055,0.685
757,temporal2,mgpt_zero_1beam,P1|N1,1499,0.49966666666666665
758,temporal2,mgpt_zero_1beam,P1|N1|N2,1430,0.4766666666666667
759,temporal2,mgpt_zero_1beam,P1|N2,1869,0.623
760,temporal2,mgpt_zero_1beam,P1|P2|NEG,806,0.26866666666666666
761,temporal2,mgpt_zero_1beam,P1|P2|NEG|N1,674,0.22466666666666665
762,temporal2,mgpt_zero_1beam,P1|P2|NEG|N1|N2,651,0.217
763,temporal2,mgpt_zero_1beam,P1|P2|NEG|N2,768,0.256
764,temporal2,xglm1.7B_zero_1beam,P1,1633,0.5443333333333333
765,temporal2,xglm1.7B_zero_1beam,P1|N1,1298,0.43266666666666664
766,temporal2,xglm1.7B_zero_1beam,P1|N1|N2,1251,0.417
767,temporal2,xglm1.7B_zero_1beam,P1|N2,1353,0.451
768,temporal2,xglm1.7B_zero_1beam,P1|P2|NEG,165,0.055
769,temporal2,xglm1.7B_zero_1beam,P1|P2|NEG|N1,106,0.035333333333333335
770,temporal2,xglm1.7B_zero_1beam,P1|P2|NEG|N1|N2,92,0.030666666666666665
771,temporal2,xglm1.7B_zero_1beam,P1|P2|NEG|N2,142,0.04733333333333333
772,temporal2,xglm_alt_one_1beam,P1,1331,0.44366666666666665
773,temporal2,xglm_alt_one_1beam,P1|N1,133,0.044333333333333336
774,temporal2,xglm_alt_one_1beam,P1|N1|N2,130,0.043333333333333335
775,temporal2,xglm_alt_one_1beam,P1|N2,1328,0.44266666666666665
776,temporal2,xglm_alt_one_1beam,P1|P2|NEG,18,0.006
777,temporal2,xglm_alt_one_1beam,P1|P2|NEG|N1,9,0.003
778,temporal2,xglm_alt_one_1beam,P1|P2|NEG|N1|N2,9,0.003
779,temporal2,xglm_alt_one_1beam,P1|P2|NEG|N2,18,0.006
780,temporal2,xglm_alt_one_2beam,P1,1458,0.486
781,temporal2,xglm_alt_one_2beam,P1|N1,259,0.08633333333333333
782,temporal2,xglm_alt_one_2beam,P1|N1|N2,246,0.082
783,temporal2,xglm_alt_one_2beam,P1|N2,1437,0.479
784,temporal2,xglm_alt_one_2beam,P1|P2|NEG,0,0.0
785,temporal2,xglm_alt_one_2beam,P1|P2|NEG|N1,0,0.0
786,temporal2,xglm_alt_one_2beam,P1|P2|NEG|N1|N2,0,0.0
787,temporal2,xglm_alt_one_2beam,P1|P2|NEG|N2,0,0.0
788,temporal2,xglm_one_1beam,P1,991,0.3303333333333333
789,temporal2,xglm_one_1beam,P1|N1,991,0.3303333333333333
790,temporal2,xglm_one_1beam,P1|N1|N2,991,0.3303333333333333
791,temporal2,xglm_one_1beam,P1|N2,991,0.3303333333333333
792,temporal2,xglm_one_1beam,P1|P2|NEG,0,0.0
793,temporal2,xglm_one_1beam,P1|P2|NEG|N1,0,0.0
794,temporal2,xglm_one_1beam,P1|P2|NEG|N1|N2,0,0.0
795,temporal2,xglm_one_1beam,P1|P2|NEG|N2,0,0.0
796,temporal2,xglm_one_2beam,P1,952,0.31733333333333336
797,temporal2,xglm_one_2beam,P1|N1,933,0.311
798,temporal2,xglm_one_2beam,P1|N1|N2,933,0.311
799,temporal2,xglm_one_2beam,P1|N2,952,0.31733333333333336
800,temporal2,xglm_one_2beam,P1|P2|NEG,0,0.0
801,temporal2,xglm_one_2beam,P1|P2|NEG|N1,0,0.0
802,temporal2,xglm_one_2beam,P1|P2|NEG|N1|N2,0,0.0
803,temporal2,xglm_one_2beam,P1|P2|NEG|N2,0,0.0
804,temporal2,xglm_zero_1beam,P1,2153,0.7176666666666667
805,temporal2,xglm_zero_1beam,P1|N1,1391,0.46366666666666667
806,temporal2,xglm_zero_1beam,P1|N1|N2,1271,0.4236666666666667
807,temporal2,xglm_zero_1beam,P1|N2,1561,0.5203333333333333
808,temporal2,xglm_zero_1beam,P1|P2|NEG,1149,0.383
809,temporal2,xglm_zero_1beam,P1|P2|NEG|N1,1009,0.3363333333333333
810,temporal2,xglm_zero_1beam,P1|P2|NEG|N1|N2,997,0.3323333333333333
811,temporal2,xglm_zero_1beam,P1|P2|NEG|N2,1120,0.37333333333333335
812,temporal2,xglm_zero_2beam,P1,2470,0.8233333333333334
813,temporal2,xglm_zero_2beam,P1|N1,648,0.216
814,temporal2,xglm_zero_2beam,P1|N1|N2,531,0.177
815,temporal2,xglm_zero_2beam,P1|N2,994,0.3313333333333333
816,temporal2,xglm_zero_2beam,P1|P2|NEG,880,0.29333333333333333
817,temporal2,xglm_zero_2beam,P1|P2|NEG|N1,483,0.161
818,temporal2,xglm_zero_2beam,P1|P2|NEG|N1|N2,471,0.157
819,temporal2,xglm_zero_2beam,P1|P2|NEG|N2,842,0.2806666666666667
